state,policy,harvest,escapement
0,CE,0,0
0.020202020202020204,CE,0,0.020202020202020204
0.04040404040404041,CE,0,0.04040404040404041
0.06060606060606061,CE,0,0.06060606060606061
0.08080808080808081,CE,0,0.08080808080808081
0.10101010101010102,CE,0,0.10101010101010102
0.12121212121212122,CE,0,0.12121212121212122
0.14141414141414144,CE,0,0.14141414141414144
0.16161616161616163,CE,0,0.16161616161616163
0.18181818181818182,CE,0,0.18181818181818182
0.20202020202020204,CE,0,0.20202020202020204
0.22222222222222224,CE,0,0.22222222222222224
0.24242424242424243,CE,0,0.24242424242424243
0.26262626262626265,CE,0,0.26262626262626265
0.2828282828282829,CE,0,0.2828282828282829
0.30303030303030304,CE,0,0.30303030303030304
0.32323232323232326,CE,0,0.32323232323232326
0.3434343434343435,CE,0,0.3434343434343435
0.36363636363636365,CE,0,0.36363636363636365
0.38383838383838387,CE,0,0.38383838383838387
0.4040404040404041,CE,0,0.4040404040404041
0.42424242424242425,CE,0,0.42424242424242425
0.4444444444444445,CE,0,0.4444444444444445
0.4646464646464647,CE,0,0.4646464646464647
0.48484848484848486,CE,0.020202020202020204,0.46464646464646464
0.5050505050505051,CE,0.04040404040404041,0.4646464646464647
0.5252525252525253,CE,0.06060606060606061,0.4646464646464647
0.5454545454545455,CE,0.08080808080808081,0.4646464646464647
0.5656565656565657,CE,0.10101010101010102,0.46464646464646475
0.5858585858585859,CE,0.12121212121212122,0.46464646464646464
0.6060606060606061,CE,0.14141414141414144,0.46464646464646464
0.6262626262626263,CE,0.16161616161616163,0.46464646464646464
0.6464646464646465,CE,0.18181818181818182,0.4646464646464647
0.6666666666666667,CE,0.20202020202020204,0.4646464646464647
0.686868686868687,CE,0.22222222222222224,0.46464646464646475
0.7070707070707072,CE,0.24242424242424243,0.46464646464646475
0.7272727272727273,CE,0.26262626262626265,0.46464646464646464
0.7474747474747475,CE,0.2828282828282829,0.46464646464646464
0.7676767676767677,CE,0.30303030303030304,0.4646464646464647
0.787878787878788,CE,0.32323232323232326,0.4646464646464647
0.8080808080808082,CE,0.3434343434343435,0.4646464646464647
0.8282828282828284,CE,0.36363636363636365,0.46464646464646475
0.8484848484848485,CE,0.38383838383838387,0.46464646464646464
0.8686868686868687,CE,0.4040404040404041,0.46464646464646464
0.888888888888889,CE,0.42424242424242425,0.4646464646464647
0.9090909090909092,CE,0.4444444444444445,0.4646464646464647
0.9292929292929294,CE,0.4646464646464647,0.4646464646464647
0.9494949494949496,CE,0.48484848484848486,0.46464646464646475
0.9696969696969697,CE,0.5050505050505051,0.46464646464646464
0.98989898989899,CE,0.5252525252525253,0.46464646464646464
1.0101010101010102,CE,0.5454545454545455,0.46464646464646464
1.0303030303030305,CE,0.5656565656565657,0.46464646464646475
1.0505050505050506,CE,0.5858585858585859,0.46464646464646475
1.0707070707070707,CE,0.6060606060606061,0.46464646464646464
1.090909090909091,CE,0.6262626262626263,0.46464646464646475
1.1111111111111112,CE,0.6464646464646465,0.46464646464646464
1.1313131313131315,CE,0.6666666666666667,0.46464646464646475
1.1515151515151516,CE,0.686868686868687,0.46464646464646464
1.1717171717171717,CE,0.7070707070707072,0.46464646464646453
1.191919191919192,CE,0.7272727272727273,0.46464646464646475
1.2121212121212122,CE,0.7474747474747475,0.46464646464646464
1.2323232323232325,CE,0.7676767676767677,0.46464646464646475
1.2525252525252526,CE,0.787878787878788,0.46464646464646464
1.272727272727273,CE,0.8080808080808082,0.46464646464646475
1.292929292929293,CE,0.8282828282828284,0.46464646464646464
1.3131313131313131,CE,0.8484848484848485,0.46464646464646464
1.3333333333333335,CE,0.8686868686868687,0.46464646464646475
1.3535353535353536,CE,0.888888888888889,0.46464646464646464
1.373737373737374,CE,0.9090909090909092,0.46464646464646475
1.393939393939394,CE,0.9292929292929294,0.46464646464646464
1.4141414141414144,CE,0.9494949494949496,0.46464646464646475
1.4343434343434345,CE,0.9696969696969697,0.46464646464646475
1.4545454545454546,CE,0.98989898989899,0.46464646464646464
1.474747474747475,CE,1.0101010101010102,0.46464646464646475
1.494949494949495,CE,1.0303030303030305,0.46464646464646453
1.5151515151515154,CE,1.0505050505050506,0.46464646464646475
1.5353535353535355,CE,1.0707070707070707,0.46464646464646475
1.5555555555555556,CE,1.090909090909091,0.46464646464646453
1.575757575757576,CE,1.1111111111111112,0.46464646464646475
1.595959595959596,CE,1.1313131313131315,0.46464646464646453
1.6161616161616164,CE,1.1515151515151516,0.46464646464646475
1.6363636363636365,CE,1.1717171717171717,0.46464646464646475
1.6565656565656568,CE,1.191919191919192,0.46464646464646475
1.676767676767677,CE,1.2121212121212122,0.46464646464646475
1.696969696969697,CE,1.2323232323232325,0.46464646464646453
1.7171717171717173,CE,1.2525252525252526,0.46464646464646475
1.7373737373737375,CE,1.272727272727273,0.46464646464646453
1.7575757575757578,CE,1.292929292929293,0.46464646464646475
1.777777777777778,CE,1.3131313131313131,0.46464646464646475
1.7979797979797982,CE,1.3333333333333335,0.46464646464646475
1.8181818181818183,CE,1.3535353535353536,0.46464646464646475
1.8383838383838385,CE,1.373737373737374,0.46464646464646453
1.8585858585858588,CE,1.393939393939394,0.46464646464646475
1.878787878787879,CE,1.4141414141414144,0.46464646464646453
1.8989898989898992,CE,1.4343434343434345,0.46464646464646475
1.9191919191919193,CE,1.4545454545454546,0.46464646464646475
1.9393939393939394,CE,1.474747474747475,0.46464646464646453
1.9595959595959598,CE,1.494949494949495,0.46464646464646475
1.97979797979798,CE,1.5151515151515154,0.46464646464646453
2,CE,1.5353535353535355,0.46464646464646453
0,MSY,0,0
0.020202020202020204,MSY,0,0.020202020202020204
0.04040404040404041,MSY,0.020202020202020204,0.020202020202020204
0.06060606060606061,MSY,0.020202020202020204,0.0404040404040404
0.08080808080808081,MSY,0.020202020202020204,0.06060606060606061
0.10101010101010102,MSY,0.020202020202020204,0.08080808080808081
0.12121212121212122,MSY,0.04040404040404041,0.0808080808080808
0.14141414141414144,MSY,0.04040404040404041,0.10101010101010102
0.16161616161616163,MSY,0.04040404040404041,0.12121212121212122
0.18181818181818182,MSY,0.06060606060606061,0.12121212121212122
0.20202020202020204,MSY,0.06060606060606061,0.14141414141414144
0.22222222222222224,MSY,0.06060606060606061,0.16161616161616163
0.24242424242424243,MSY,0.06060606060606061,0.18181818181818182
0.26262626262626265,MSY,0.08080808080808081,0.18181818181818182
0.2828282828282829,MSY,0.08080808080808081,0.20202020202020204
0.30303030303030304,MSY,0.08080808080808081,0.2222222222222222
0.32323232323232326,MSY,0.10101010101010102,0.22222222222222224
0.3434343434343435,MSY,0.10101010101010102,0.24242424242424246
0.36363636363636365,MSY,0.10101010101010102,0.26262626262626265
0.38383838383838387,MSY,0.10101010101010102,0.2828282828282829
0.4040404040404041,MSY,0.12121212121212122,0.2828282828282829
0.42424242424242425,MSY,0.12121212121212122,0.30303030303030304
0.4444444444444445,MSY,0.12121212121212122,0.32323232323232326
0.4646464646464647,MSY,0.14141414141414144,0.32323232323232326
0.48484848484848486,MSY,0.14141414141414144,0.3434343434343434
0.5050505050505051,MSY,0.14141414141414144,0.36363636363636365
0.5252525252525253,MSY,0.14141414141414144,0.38383838383838387
0.5454545454545455,MSY,0.16161616161616163,0.38383838383838387
0.5656565656565657,MSY,0.16161616161616163,0.4040404040404041
0.5858585858585859,MSY,0.16161616161616163,0.4242424242424242
0.6060606060606061,MSY,0.18181818181818182,0.42424242424242425
0.6262626262626263,MSY,0.18181818181818182,0.4444444444444445
0.6464646464646465,MSY,0.18181818181818182,0.4646464646464647
0.6666666666666667,MSY,0.18181818181818182,0.4848484848484849
0.686868686868687,MSY,0.20202020202020204,0.4848484848484849
0.7070707070707072,MSY,0.20202020202020204,0.5050505050505052
0.7272727272727273,MSY,0.20202020202020204,0.5252525252525253
0.7474747474747475,MSY,0.22222222222222224,0.5252525252525253
0.7676767676767677,MSY,0.22222222222222224,0.5454545454545455
0.787878787878788,MSY,0.22222222222222224,0.5656565656565657
0.8080808080808082,MSY,0.22222222222222224,0.585858585858586
0.8282828282828284,MSY,0.24242424242424243,0.585858585858586
0.8484848484848485,MSY,0.24242424242424243,0.6060606060606061
0.8686868686868687,MSY,0.24242424242424243,0.6262626262626263
0.888888888888889,MSY,0.26262626262626265,0.6262626262626263
0.9090909090909092,MSY,0.26262626262626265,0.6464646464646465
0.9292929292929294,MSY,0.26262626262626265,0.6666666666666667
0.9494949494949496,MSY,0.26262626262626265,0.686868686868687
0.9696969696969697,MSY,0.2828282828282829,0.6868686868686869
0.98989898989899,MSY,0.2828282828282829,0.7070707070707071
1.0101010101010102,MSY,0.2828282828282829,0.7272727272727273
1.0303030303030305,MSY,0.30303030303030304,0.7272727272727275
1.0505050505050506,MSY,0.30303030303030304,0.7474747474747476
1.0707070707070707,MSY,0.30303030303030304,0.7676767676767677
1.090909090909091,MSY,0.30303030303030304,0.7878787878787881
1.1111111111111112,MSY,0.32323232323232326,0.7878787878787878
1.1313131313131315,MSY,0.32323232323232326,0.8080808080808082
1.1515151515151516,MSY,0.32323232323232326,0.8282828282828283
1.1717171717171717,MSY,0.3434343434343435,0.8282828282828283
1.191919191919192,MSY,0.3434343434343435,0.8484848484848486
1.2121212121212122,MSY,0.3434343434343435,0.8686868686868687
1.2323232323232325,MSY,0.3434343434343435,0.8888888888888891
1.2525252525252526,MSY,0.36363636363636365,0.888888888888889
1.272727272727273,MSY,0.36363636363636365,0.9090909090909093
1.292929292929293,MSY,0.36363636363636365,0.9292929292929294
1.3131313131313131,MSY,0.38383838383838387,0.9292929292929293
1.3333333333333335,MSY,0.38383838383838387,0.9494949494949496
1.3535353535353536,MSY,0.38383838383838387,0.9696969696969697
1.373737373737374,MSY,0.38383838383838387,0.9898989898989901
1.393939393939394,MSY,0.4040404040404041,0.98989898989899
1.4141414141414144,MSY,0.4040404040404041,1.0101010101010104
1.4343434343434345,MSY,0.4040404040404041,1.0303030303030303
1.4545454545454546,MSY,0.42424242424242425,1.0303030303030303
1.474747474747475,MSY,0.42424242424242425,1.0505050505050506
1.494949494949495,MSY,0.42424242424242425,1.0707070707070707
1.5151515151515154,MSY,0.42424242424242425,1.090909090909091
1.5353535353535355,MSY,0.4444444444444445,1.090909090909091
1.5555555555555556,MSY,0.4444444444444445,1.1111111111111112
1.575757575757576,MSY,0.4444444444444445,1.1313131313131315
1.595959595959596,MSY,0.4646464646464647,1.1313131313131313
1.6161616161616164,MSY,0.4646464646464647,1.1515151515151516
1.6363636363636365,MSY,0.4646464646464647,1.1717171717171717
1.6565656565656568,MSY,0.4646464646464647,1.191919191919192
1.676767676767677,MSY,0.48484848484848486,1.191919191919192
1.696969696969697,MSY,0.48484848484848486,1.2121212121212122
1.7171717171717173,MSY,0.48484848484848486,1.2323232323232325
1.7373737373737375,MSY,0.5050505050505051,1.2323232323232323
1.7575757575757578,MSY,0.5050505050505051,1.2525252525252526
1.777777777777778,MSY,0.5050505050505051,1.272727272727273
1.7979797979797982,MSY,0.5050505050505051,1.2929292929292933
1.8181818181818183,MSY,0.5252525252525253,1.292929292929293
1.8383838383838385,MSY,0.5252525252525253,1.3131313131313131
1.8585858585858588,MSY,0.5252525252525253,1.3333333333333335
1.878787878787879,MSY,0.5454545454545455,1.3333333333333335
1.8989898989898992,MSY,0.5454545454545455,1.3535353535353538
1.9191919191919193,MSY,0.5454545454545455,1.3737373737373737
1.9393939393939394,MSY,0.5454545454545455,1.393939393939394
1.9595959595959598,MSY,0.5656565656565657,1.393939393939394
1.97979797979798,MSY,0.5656565656565657,1.4141414141414141
2,MSY,0.5656565656565657,1.4343434343434343
0,TAC,0,0
0.020202020202020204,TAC,0,0.020202020202020204
0.04040404040404041,TAC,0,0.04040404040404041
0.06060606060606061,TAC,0.020202020202020204,0.0404040404040404
0.08080808080808081,TAC,0.020202020202020204,0.06060606060606061
0.10101010101010102,TAC,0.020202020202020204,0.08080808080808081
0.12121212121212122,TAC,0.020202020202020204,0.10101010101010101
0.14141414141414144,TAC,0.04040404040404041,0.10101010101010102
0.16161616161616163,TAC,0.04040404040404041,0.12121212121212122
0.18181818181818182,TAC,0.04040404040404041,0.1414141414141414
0.20202020202020204,TAC,0.04040404040404041,0.16161616161616163
0.22222222222222224,TAC,0.06060606060606061,0.16161616161616163
0.24242424242424243,TAC,0.06060606060606061,0.18181818181818182
0.26262626262626265,TAC,0.06060606060606061,0.20202020202020204
0.2828282828282829,TAC,0.06060606060606061,0.22222222222222227
0.30303030303030304,TAC,0.06060606060606061,0.24242424242424243
0.32323232323232326,TAC,0.08080808080808081,0.24242424242424243
0.3434343434343435,TAC,0.08080808080808081,0.26262626262626265
0.36363636363636365,TAC,0.08080808080808081,0.2828282828282828
0.38383838383838387,TAC,0.08080808080808081,0.30303030303030304
0.4040404040404041,TAC,0.10101010101010102,0.3030303030303031
0.42424242424242425,TAC,0.10101010101010102,0.3232323232323232
0.4444444444444445,TAC,0.10101010101010102,0.3434343434343434
0.4646464646464647,TAC,0.10101010101010102,0.36363636363636365
0.48484848484848486,TAC,0.10101010101010102,0.38383838383838387
0.5050505050505051,TAC,0.12121212121212122,0.38383838383838387
0.5252525252525253,TAC,0.12121212121212122,0.4040404040404041
0.5454545454545455,TAC,0.12121212121212122,0.4242424242424243
0.5656565656565657,TAC,0.12121212121212122,0.44444444444444453
0.5858585858585859,TAC,0.14141414141414144,0.4444444444444444
0.6060606060606061,TAC,0.14141414141414144,0.46464646464646464
0.6262626262626263,TAC,0.14141414141414144,0.48484848484848486
0.6464646464646465,TAC,0.14141414141414144,0.5050505050505051
0.6666666666666667,TAC,0.16161616161616163,0.5050505050505051
0.686868686868687,TAC,0.16161616161616163,0.5252525252525253
0.7070707070707072,TAC,0.16161616161616163,0.5454545454545455
0.7272727272727273,TAC,0.16161616161616163,0.5656565656565656
0.7474747474747475,TAC,0.16161616161616163,0.5858585858585859
0.7676767676767677,TAC,0.18181818181818182,0.5858585858585859
0.787878787878788,TAC,0.18181818181818182,0.6060606060606062
0.8080808080808082,TAC,0.18181818181818182,0.6262626262626263
0.8282828282828284,TAC,0.18181818181818182,0.6464646464646466
0.8484848484848485,TAC,0.20202020202020204,0.6464646464646464
0.8686868686868687,TAC,0.20202020202020204,0.6666666666666667
0.888888888888889,TAC,0.20202020202020204,0.6868686868686869
0.9090909090909092,TAC,0.20202020202020204,0.7070707070707072
0.9292929292929294,TAC,0.22222222222222224,0.7070707070707072
0.9494949494949496,TAC,0.22222222222222224,0.7272727272727274
0.9696969696969697,TAC,0.22222222222222224,0.7474747474747475
0.98989898989899,TAC,0.22222222222222224,0.7676767676767677
1.0101010101010102,TAC,0.22222222222222224,0.787878787878788
1.0303030303030305,TAC,0.24242424242424243,0.7878787878787881
1.0505050505050506,TAC,0.24242424242424243,0.8080808080808082
1.0707070707070707,TAC,0.24242424242424243,0.8282828282828283
1.090909090909091,TAC,0.24242424242424243,0.8484848484848486
1.1111111111111112,TAC,0.26262626262626265,0.8484848484848485
1.1313131313131315,TAC,0.26262626262626265,0.8686868686868688
1.1515151515151516,TAC,0.26262626262626265,0.888888888888889
1.1717171717171717,TAC,0.26262626262626265,0.9090909090909091
1.191919191919192,TAC,0.2828282828282829,0.9090909090909092
1.2121212121212122,TAC,0.2828282828282829,0.9292929292929293
1.2323232323232325,TAC,0.2828282828282829,0.9494949494949496
1.2525252525252526,TAC,0.2828282828282829,0.9696969696969697
1.272727272727273,TAC,0.2828282828282829,0.9898989898989901
1.292929292929293,TAC,0.30303030303030304,0.9898989898989901
1.3131313131313131,TAC,0.30303030303030304,1.0101010101010102
1.3333333333333335,TAC,0.30303030303030304,1.0303030303030305
1.3535353535353536,TAC,0.30303030303030304,1.0505050505050506
1.373737373737374,TAC,0.32323232323232326,1.0505050505050506
1.393939393939394,TAC,0.32323232323232326,1.0707070707070707
1.4141414141414144,TAC,0.32323232323232326,1.090909090909091
1.4343434343434345,TAC,0.32323232323232326,1.1111111111111112
1.4545454545454546,TAC,0.32323232323232326,1.1313131313131313
1.474747474747475,TAC,0.3434343434343435,1.1313131313131315
1.494949494949495,TAC,0.3434343434343435,1.1515151515151516
1.5151515151515154,TAC,0.3434343434343435,1.171717171717172
1.5353535353535355,TAC,0.3434343434343435,1.191919191919192
1.5555555555555556,TAC,0.36363636363636365,1.191919191919192
1.575757575757576,TAC,0.36363636363636365,1.2121212121212124
1.595959595959596,TAC,0.36363636363636365,1.2323232323232323
1.6161616161616164,TAC,0.36363636363636365,1.2525252525252526
1.6363636363636365,TAC,0.38383838383838387,1.2525252525252526
1.6565656565656568,TAC,0.38383838383838387,1.272727272727273
1.676767676767677,TAC,0.38383838383838387,1.292929292929293
1.696969696969697,TAC,0.38383838383838387,1.3131313131313131
1.7171717171717173,TAC,0.38383838383838387,1.3333333333333335
1.7373737373737375,TAC,0.4040404040404041,1.3333333333333335
1.7575757575757578,TAC,0.4040404040404041,1.3535353535353538
1.777777777777778,TAC,0.4040404040404041,1.3737373737373737
1.7979797979797982,TAC,0.4040404040404041,1.393939393939394
1.8181818181818183,TAC,0.42424242424242425,1.393939393939394
1.8383838383838385,TAC,0.42424242424242425,1.4141414141414141
1.8585858585858588,TAC,0.42424242424242425,1.4343434343434345
1.878787878787879,TAC,0.42424242424242425,1.4545454545454546
1.8989898989898992,TAC,0.4444444444444445,1.4545454545454548
1.9191919191919193,TAC,0.4444444444444445,1.474747474747475
1.9393939393939394,TAC,0.4444444444444445,1.494949494949495
1.9595959595959598,TAC,0.4444444444444445,1.5151515151515154
1.97979797979798,TAC,0.4444444444444445,1.5353535353535355
2,TAC,0.4646464646464647,1.5353535353535352
0,uniform,0,0
0.020202020202020204,uniform,0,0.020202020202020204
0.04040404040404041,uniform,0,0.04040404040404041
0.06060606060606061,uniform,0,0.06060606060606061
0.08080808080808081,uniform,0,0.08080808080808081
0.10101010101010102,uniform,0,0.10101010101010102
0.12121212121212122,uniform,0,0.12121212121212122
0.14141414141414144,uniform,0,0.14141414141414144
0.16161616161616163,uniform,0,0.16161616161616163
0.18181818181818182,uniform,0,0.18181818181818182
0.20202020202020204,uniform,0,0.20202020202020204
0.22222222222222224,uniform,0,0.22222222222222224
0.24242424242424243,uniform,0,0.24242424242424243
0.26262626262626265,uniform,0,0.26262626262626265
0.2828282828282829,uniform,0,0.2828282828282829
0.30303030303030304,uniform,0,0.30303030303030304
0.32323232323232326,uniform,0,0.32323232323232326
0.3434343434343435,uniform,0,0.3434343434343435
0.36363636363636365,uniform,0,0.36363636363636365
0.38383838383838387,uniform,0,0.38383838383838387
0.4040404040404041,uniform,0,0.4040404040404041
0.42424242424242425,uniform,0,0.42424242424242425
0.4444444444444445,uniform,0,0.4444444444444445
0.4646464646464647,uniform,0,0.4646464646464647
0.48484848484848486,uniform,0,0.48484848484848486
0.5050505050505051,uniform,0.020202020202020204,0.48484848484848486
0.5252525252525253,uniform,0.04040404040404041,0.4848484848484849
0.5454545454545455,uniform,0.06060606060606061,0.4848484848484849
0.5656565656565657,uniform,0.08080808080808081,0.4848484848484849
0.5858585858585859,uniform,0.10101010101010102,0.48484848484848486
0.6060606060606061,uniform,0.12121212121212122,0.48484848484848486
0.6262626262626263,uniform,0.14141414141414144,0.48484848484848486
0.6464646464646465,uniform,0.16161616161616163,0.48484848484848486
0.6666666666666667,uniform,0.18181818181818182,0.4848484848484849
0.686868686868687,uniform,0.20202020202020204,0.4848484848484849
0.7070707070707072,uniform,0.22222222222222224,0.484848484848485
0.7272727272727273,uniform,0.24242424242424243,0.48484848484848486
0.7474747474747475,uniform,0.26262626262626265,0.48484848484848486
0.7676767676767677,uniform,0.26262626262626265,0.5050505050505051
0.787878787878788,uniform,0.2828282828282829,0.5050505050505051
0.8080808080808082,uniform,0.30303030303030304,0.5050505050505052
0.8282828282828284,uniform,0.32323232323232326,0.5050505050505052
0.8484848484848485,uniform,0.3434343434343435,0.505050505050505
0.8686868686868687,uniform,0.36363636363636365,0.5050505050505051
0.888888888888889,uniform,0.38383838383838387,0.5050505050505051
0.9090909090909092,uniform,0.4040404040404041,0.5050505050505051
0.9292929292929294,uniform,0.4040404040404041,0.5252525252525253
0.9494949494949496,uniform,0.42424242424242425,0.5252525252525253
0.9696969696969697,uniform,0.4444444444444445,0.5252525252525253
0.98989898989899,uniform,0.4646464646464647,0.5252525252525253
1.0101010101010102,uniform,0.4646464646464647,0.5454545454545454
1.0303030303030305,uniform,0.48484848484848486,0.5454545454545456
1.0505050505050506,uniform,0.5252525252525253,0.5252525252525253
1.0707070707070707,uniform,0.5252525252525253,0.5454545454545454
1.090909090909091,uniform,0.5454545454545455,0.5454545454545455
1.1111111111111112,uniform,0.5454545454545455,0.5656565656565656
1.1313131313131315,uniform,0.5454545454545455,0.585858585858586
1.1515151515151516,uniform,0.6060606060606061,0.5454545454545455
1.1717171717171717,uniform,0.6060606060606061,0.5656565656565656
1.191919191919192,uniform,0.6060606060606061,0.585858585858586
1.2121212121212122,uniform,0.6060606060606061,0.6060606060606061
1.2323232323232325,uniform,0.6060606060606061,0.6262626262626264
1.2525252525252526,uniform,0.6060606060606061,0.6464646464646465
1.272727272727273,uniform,0.6060606060606061,0.6666666666666669
1.292929292929293,uniform,0.6060606060606061,0.686868686868687
1.3131313131313131,uniform,0.6060606060606061,0.7070707070707071
1.3333333333333335,uniform,0.6060606060606061,0.7272727272727274
1.3535353535353536,uniform,0.6060606060606061,0.7474747474747475
1.373737373737374,uniform,0.6060606060606061,0.7676767676767678
1.393939393939394,uniform,0.6060606060606061,0.787878787878788
1.4141414141414144,uniform,0.6060606060606061,0.8080808080808083
1.4343434343434345,uniform,0.6060606060606061,0.8282828282828284
1.4545454545454546,uniform,0.6060606060606061,0.8484848484848485
1.474747474747475,uniform,0.6060606060606061,0.8686868686868688
1.494949494949495,uniform,0.6060606060606061,0.888888888888889
1.5151515151515154,uniform,0.6060606060606061,0.9090909090909093
1.5353535353535355,uniform,0.6060606060606061,0.9292929292929294
1.5555555555555556,uniform,0.6060606060606061,0.9494949494949495
1.575757575757576,uniform,0.6060606060606061,0.9696969696969698
1.595959595959596,uniform,0.6060606060606061,0.98989898989899
1.6161616161616164,uniform,0.6060606060606061,1.0101010101010104
1.6363636363636365,uniform,0.6060606060606061,1.0303030303030303
1.6565656565656568,uniform,0.6060606060606061,1.0505050505050506
1.676767676767677,uniform,0.6060606060606061,1.070707070707071
1.696969696969697,uniform,0.6060606060606061,1.0909090909090908
1.7171717171717173,uniform,0.6060606060606061,1.1111111111111112
1.7373737373737375,uniform,0.6060606060606061,1.1313131313131315
1.7575757575757578,uniform,0.6060606060606061,1.1515151515151518
1.777777777777778,uniform,0.6060606060606061,1.1717171717171717
1.7979797979797982,uniform,0.6060606060606061,1.191919191919192
1.8181818181818183,uniform,0.6060606060606061,1.2121212121212124
1.8383838383838385,uniform,0.6060606060606061,1.2323232323232323
1.8585858585858588,uniform,0.6060606060606061,1.2525252525252526
1.878787878787879,uniform,0.6060606060606061,1.272727272727273
1.8989898989898992,uniform,0.6060606060606061,1.2929292929292933
1.9191919191919193,uniform,0.6060606060606061,1.3131313131313131
1.9393939393939394,uniform,0.6060606060606061,1.3333333333333335
1.9595959595959598,uniform,0.6060606060606061,1.3535353535353538
1.97979797979798,uniform,0.6060606060606061,1.3737373737373737
2,uniform,0.6060606060606061,1.393939393939394
0,low,0,0
0.020202020202020204,low,0,0.020202020202020204
0.04040404040404041,low,0,0.04040404040404041
0.06060606060606061,low,0,0.06060606060606061
0.08080808080808081,low,0,0.08080808080808081
0.10101010101010102,low,0,0.10101010101010102
0.12121212121212122,low,0,0.12121212121212122
0.14141414141414144,low,0,0.14141414141414144
0.16161616161616163,low,0,0.16161616161616163
0.18181818181818182,low,0,0.18181818181818182
0.20202020202020204,low,0,0.20202020202020204
0.22222222222222224,low,0,0.22222222222222224
0.24242424242424243,low,0,0.24242424242424243
0.26262626262626265,low,0,0.26262626262626265
0.2828282828282829,low,0,0.2828282828282829
0.30303030303030304,low,0,0.30303030303030304
0.32323232323232326,low,0,0.32323232323232326
0.3434343434343435,low,0,0.3434343434343435
0.36363636363636365,low,0,0.36363636363636365
0.38383838383838387,low,0,0.38383838383838387
0.4040404040404041,low,0,0.4040404040404041
0.42424242424242425,low,0,0.42424242424242425
0.4444444444444445,low,0,0.4444444444444445
0.4646464646464647,low,0,0.4646464646464647
0.48484848484848486,low,0,0.48484848484848486
0.5050505050505051,low,0,0.5050505050505051
0.5252525252525253,low,0,0.5252525252525253
0.5454545454545455,low,0.020202020202020204,0.5252525252525253
0.5656565656565657,low,0.020202020202020204,0.5454545454545455
0.5858585858585859,low,0.04040404040404041,0.5454545454545454
0.6060606060606061,low,0.06060606060606061,0.5454545454545454
0.6262626262626263,low,0.08080808080808081,0.5454545454545455
0.6464646464646465,low,0.08080808080808081,0.5656565656565657
0.6666666666666667,low,0.10101010101010102,0.5656565656565657
0.686868686868687,low,0.12121212121212122,0.5656565656565657
0.7070707070707072,low,0.14141414141414144,0.5656565656565657
0.7272727272727273,low,0.14141414141414144,0.5858585858585859
0.7474747474747475,low,0.16161616161616163,0.5858585858585859
0.7676767676767677,low,0.18181818181818182,0.5858585858585859
0.787878787878788,low,0.20202020202020204,0.5858585858585859
0.8080808080808082,low,0.22222222222222224,0.585858585858586
0.8282828282828284,low,0.22222222222222224,0.6060606060606062
0.8484848484848485,low,0.24242424242424243,0.6060606060606061
0.8686868686868687,low,0.26262626262626265,0.6060606060606061
0.888888888888889,low,0.2828282828282829,0.6060606060606061
0.9090909090909092,low,0.30303030303030304,0.6060606060606062
0.9292929292929294,low,0.30303030303030304,0.6262626262626263
0.9494949494949496,low,0.32323232323232326,0.6262626262626263
0.9696969696969697,low,0.3434343434343435,0.6262626262626263
0.98989898989899,low,0.3434343434343435,0.6464646464646464
1.0101010101010102,low,0.36363636363636365,0.6464646464646465
1.0303030303030305,low,0.38383838383838387,0.6464646464646466
1.0505050505050506,low,0.4040404040404041,0.6464646464646465
1.0707070707070707,low,0.4040404040404041,0.6666666666666666
1.090909090909091,low,0.42424242424242425,0.6666666666666667
1.1111111111111112,low,0.4646464646464647,0.6464646464646464
1.1313131313131315,low,0.4646464646464647,0.6666666666666667
1.1515151515151516,low,0.4646464646464647,0.6868686868686869
1.1717171717171717,low,0.48484848484848486,0.6868686868686869
1.191919191919192,low,0.5252525252525253,0.6666666666666667
1.2121212121212122,low,0.5252525252525253,0.6868686868686869
1.2323232323232325,low,0.5454545454545455,0.686868686868687
1.2525252525252526,low,0.5454545454545455,0.7070707070707071
1.272727272727273,low,0.5454545454545455,0.7272727272727274
1.292929292929293,low,0.6060606060606061,0.686868686868687
1.3131313131313131,low,0.6060606060606061,0.7070707070707071
1.3333333333333335,low,0.6060606060606061,0.7272727272727274
1.3535353535353536,low,0.6060606060606061,0.7474747474747475
1.373737373737374,low,0.6060606060606061,0.7676767676767678
1.393939393939394,low,0.6060606060606061,0.787878787878788
1.4141414141414144,low,0.6060606060606061,0.8080808080808083
1.4343434343434345,low,0.6060606060606061,0.8282828282828284
1.4545454545454546,low,0.6060606060606061,0.8484848484848485
1.474747474747475,low,0.6060606060606061,0.8686868686868688
1.494949494949495,low,0.6060606060606061,0.888888888888889
1.5151515151515154,low,0.6060606060606061,0.9090909090909093
1.5353535353535355,low,0.6060606060606061,0.9292929292929294
1.5555555555555556,low,0.6060606060606061,0.9494949494949495
1.575757575757576,low,0.6060606060606061,0.9696969696969698
1.595959595959596,low,0.6060606060606061,0.98989898989899
1.6161616161616164,low,0.6060606060606061,1.0101010101010104
1.6363636363636365,low,0.6060606060606061,1.0303030303030303
1.6565656565656568,low,0.6060606060606061,1.0505050505050506
1.676767676767677,low,0.6060606060606061,1.070707070707071
1.696969696969697,low,0.6060606060606061,1.0909090909090908
1.7171717171717173,low,0.6060606060606061,1.1111111111111112
1.7373737373737375,low,0.6060606060606061,1.1313131313131315
1.7575757575757578,low,0.6060606060606061,1.1515151515151518
1.777777777777778,low,0.6060606060606061,1.1717171717171717
1.7979797979797982,low,0.6060606060606061,1.191919191919192
1.8181818181818183,low,0.6060606060606061,1.2121212121212124
1.8383838383838385,low,0.6060606060606061,1.2323232323232323
1.8585858585858588,low,0.6060606060606061,1.2525252525252526
1.878787878787879,low,0.6060606060606061,1.272727272727273
1.8989898989898992,low,0.6060606060606061,1.2929292929292933
1.9191919191919193,low,0.6060606060606061,1.3131313131313131
1.9393939393939394,low,0.6060606060606061,1.3333333333333335
1.9595959595959598,low,0.6060606060606061,1.3535353535353538
1.97979797979798,low,0.6060606060606061,1.3737373737373737
2,low,0.6060606060606061,1.393939393939394
0,medium,0,0
0.020202020202020204,medium,0,0.020202020202020204
0.04040404040404041,medium,0,0.04040404040404041
0.06060606060606061,medium,0,0.06060606060606061
0.08080808080808081,medium,0,0.08080808080808081
0.10101010101010102,medium,0,0.10101010101010102
0.12121212121212122,medium,0,0.12121212121212122
0.14141414141414144,medium,0,0.14141414141414144
0.16161616161616163,medium,0,0.16161616161616163
0.18181818181818182,medium,0,0.18181818181818182
0.20202020202020204,medium,0,0.20202020202020204
0.22222222222222224,medium,0,0.22222222222222224
0.24242424242424243,medium,0,0.24242424242424243
0.26262626262626265,medium,0,0.26262626262626265
0.2828282828282829,medium,0,0.2828282828282829
0.30303030303030304,medium,0,0.30303030303030304
0.32323232323232326,medium,0,0.32323232323232326
0.3434343434343435,medium,0,0.3434343434343435
0.36363636363636365,medium,0,0.36363636363636365
0.38383838383838387,medium,0,0.38383838383838387
0.4040404040404041,medium,0,0.4040404040404041
0.42424242424242425,medium,0,0.42424242424242425
0.4444444444444445,medium,0,0.4444444444444445
0.4646464646464647,medium,0,0.4646464646464647
0.48484848484848486,medium,0.020202020202020204,0.46464646464646464
0.5050505050505051,medium,0.020202020202020204,0.48484848484848486
0.5252525252525253,medium,0.04040404040404041,0.4848484848484849
0.5454545454545455,medium,0.06060606060606061,0.4848484848484849
0.5656565656565657,medium,0.08080808080808081,0.4848484848484849
0.5858585858585859,medium,0.10101010101010102,0.48484848484848486
0.6060606060606061,medium,0.10101010101010102,0.5050505050505051
0.6262626262626263,medium,0.12121212121212122,0.5050505050505051
0.6464646464646465,medium,0.14141414141414144,0.5050505050505051
0.6666666666666667,medium,0.16161616161616163,0.5050505050505051
0.686868686868687,medium,0.18181818181818182,0.5050505050505052
0.7070707070707072,medium,0.18181818181818182,0.5252525252525253
0.7272727272727273,medium,0.20202020202020204,0.5252525252525253
0.7474747474747475,medium,0.22222222222222224,0.5252525252525253
0.7676767676767677,medium,0.24242424242424243,0.5252525252525253
0.787878787878788,medium,0.24242424242424243,0.5454545454545455
0.8080808080808082,medium,0.26262626262626265,0.5454545454545455
0.8282828282828284,medium,0.2828282828282829,0.5454545454545455
0.8484848484848485,medium,0.30303030303030304,0.5454545454545454
0.8686868686868687,medium,0.30303030303030304,0.5656565656565657
0.888888888888889,medium,0.32323232323232326,0.5656565656565657
0.9090909090909092,medium,0.3434343434343435,0.5656565656565657
0.9292929292929294,medium,0.36363636363636365,0.5656565656565657
0.9494949494949496,medium,0.36363636363636365,0.585858585858586
0.9696969696969697,medium,0.38383838383838387,0.5858585858585859
0.98989898989899,medium,0.4040404040404041,0.5858585858585859
1.0101010101010102,medium,0.4040404040404041,0.6060606060606061
1.0303030303030305,medium,0.42424242424242425,0.6060606060606062
1.0505050505050506,medium,0.4646464646464647,0.5858585858585859
1.0707070707070707,medium,0.4646464646464647,0.606060606060606
1.090909090909091,medium,0.4646464646464647,0.6262626262626263
1.1111111111111112,medium,0.48484848484848486,0.6262626262626263
1.1313131313131315,medium,0.5252525252525253,0.6060606060606062
1.1515151515151516,medium,0.5252525252525253,0.6262626262626263
1.1717171717171717,medium,0.5454545454545455,0.6262626262626262
1.191919191919192,medium,0.5454545454545455,0.6464646464646465
1.2121212121212122,medium,0.5454545454545455,0.6666666666666666
1.2323232323232325,medium,0.6060606060606061,0.6262626262626264
1.2525252525252526,medium,0.6060606060606061,0.6464646464646465
1.272727272727273,medium,0.6060606060606061,0.6666666666666669
1.292929292929293,medium,0.6060606060606061,0.686868686868687
1.3131313131313131,medium,0.6060606060606061,0.7070707070707071
1.3333333333333335,medium,0.6060606060606061,0.7272727272727274
1.3535353535353536,medium,0.6060606060606061,0.7474747474747475
1.373737373737374,medium,0.6060606060606061,0.7676767676767678
1.393939393939394,medium,0.6060606060606061,0.787878787878788
1.4141414141414144,medium,0.6060606060606061,0.8080808080808083
1.4343434343434345,medium,0.6060606060606061,0.8282828282828284
1.4545454545454546,medium,0.6060606060606061,0.8484848484848485
1.474747474747475,medium,0.6060606060606061,0.8686868686868688
1.494949494949495,medium,0.6060606060606061,0.888888888888889
1.5151515151515154,medium,0.6060606060606061,0.9090909090909093
1.5353535353535355,medium,0.6060606060606061,0.9292929292929294
1.5555555555555556,medium,0.6060606060606061,0.9494949494949495
1.575757575757576,medium,0.6060606060606061,0.9696969696969698
1.595959595959596,medium,0.6060606060606061,0.98989898989899
1.6161616161616164,medium,0.6060606060606061,1.0101010101010104
1.6363636363636365,medium,0.6060606060606061,1.0303030303030303
1.6565656565656568,medium,0.6060606060606061,1.0505050505050506
1.676767676767677,medium,0.6060606060606061,1.070707070707071
1.696969696969697,medium,0.6060606060606061,1.0909090909090908
1.7171717171717173,medium,0.6060606060606061,1.1111111111111112
1.7373737373737375,medium,0.6060606060606061,1.1313131313131315
1.7575757575757578,medium,0.6060606060606061,1.1515151515151518
1.777777777777778,medium,0.6060606060606061,1.1717171717171717
1.7979797979797982,medium,0.6060606060606061,1.191919191919192
1.8181818181818183,medium,0.6060606060606061,1.2121212121212124
1.8383838383838385,medium,0.6060606060606061,1.2323232323232323
1.8585858585858588,medium,0.6060606060606061,1.2525252525252526
1.878787878787879,medium,0.6060606060606061,1.272727272727273
1.8989898989898992,medium,0.6060606060606061,1.2929292929292933
1.9191919191919193,medium,0.6060606060606061,1.3131313131313131
1.9393939393939394,medium,0.6060606060606061,1.3333333333333335
1.9595959595959598,medium,0.6060606060606061,1.3535353535353538
1.97979797979798,medium,0.6060606060606061,1.3737373737373737
2,medium,0.6060606060606061,1.393939393939394
0,high,0,0
0.020202020202020204,high,0,0.020202020202020204
0.04040404040404041,high,0,0.04040404040404041
0.06060606060606061,high,0,0.06060606060606061
0.08080808080808081,high,0,0.08080808080808081
0.10101010101010102,high,0,0.10101010101010102
0.12121212121212122,high,0,0.12121212121212122
0.14141414141414144,high,0,0.14141414141414144
0.16161616161616163,high,0,0.16161616161616163
0.18181818181818182,high,0,0.18181818181818182
0.20202020202020204,high,0,0.20202020202020204
0.22222222222222224,high,0,0.22222222222222224
0.24242424242424243,high,0,0.24242424242424243
0.26262626262626265,high,0,0.26262626262626265
0.2828282828282829,high,0,0.2828282828282829
0.30303030303030304,high,0,0.30303030303030304
0.32323232323232326,high,0,0.32323232323232326
0.3434343434343435,high,0,0.3434343434343435
0.36363636363636365,high,0,0.36363636363636365
0.38383838383838387,high,0.020202020202020204,0.36363636363636365
0.4040404040404041,high,0.020202020202020204,0.38383838383838387
0.42424242424242425,high,0.04040404040404041,0.38383838383838387
0.4444444444444445,high,0.06060606060606061,0.38383838383838387
0.4646464646464647,high,0.08080808080808081,0.38383838383838387
0.48484848484848486,high,0.08080808080808081,0.40404040404040403
0.5050505050505051,high,0.10101010101010102,0.4040404040404041
0.5252525252525253,high,0.12121212121212122,0.4040404040404041
0.5454545454545455,high,0.12121212121212122,0.4242424242424243
0.5656565656565657,high,0.14141414141414144,0.4242424242424243
0.5858585858585859,high,0.16161616161616163,0.4242424242424242
0.6060606060606061,high,0.18181818181818182,0.42424242424242425
0.6262626262626263,high,0.18181818181818182,0.4444444444444445
0.6464646464646465,high,0.20202020202020204,0.4444444444444445
0.6666666666666667,high,0.22222222222222224,0.44444444444444453
0.686868686868687,high,0.24242424242424243,0.44444444444444453
0.7070707070707072,high,0.24242424242424243,0.46464646464646475
0.7272727272727273,high,0.26262626262626265,0.46464646464646464
0.7474747474747475,high,0.2828282828282829,0.46464646464646464
0.7676767676767677,high,0.30303030303030304,0.4646464646464647
0.787878787878788,high,0.30303030303030304,0.4848484848484849
0.8080808080808082,high,0.32323232323232326,0.4848484848484849
0.8282828282828284,high,0.3434343434343435,0.4848484848484849
0.8484848484848485,high,0.3434343434343435,0.505050505050505
0.8686868686868687,high,0.36363636363636365,0.5050505050505051
0.888888888888889,high,0.38383838383838387,0.5050505050505051
0.9090909090909092,high,0.4040404040404041,0.5050505050505051
0.9292929292929294,high,0.4040404040404041,0.5252525252525253
0.9494949494949496,high,0.42424242424242425,0.5252525252525253
0.9696969696969697,high,0.4444444444444445,0.5252525252525253
0.98989898989899,high,0.4646464646464647,0.5252525252525253
1.0101010101010102,high,0.4646464646464647,0.5454545454545454
1.0303030303030305,high,0.4646464646464647,0.5656565656565657
1.0505050505050506,high,0.48484848484848486,0.5656565656565657
1.0707070707070707,high,0.5252525252525253,0.5454545454545454
1.090909090909091,high,0.5252525252525253,0.5656565656565657
1.1111111111111112,high,0.5454545454545455,0.5656565656565656
1.1313131313131315,high,0.5454545454545455,0.585858585858586
1.1515151515151516,high,0.5454545454545455,0.6060606060606061
1.1717171717171717,high,0.6060606060606061,0.5656565656565656
1.191919191919192,high,0.6060606060606061,0.585858585858586
1.2121212121212122,high,0.6060606060606061,0.6060606060606061
1.2323232323232325,high,0.6060606060606061,0.6262626262626264
1.2525252525252526,high,0.6060606060606061,0.6464646464646465
1.272727272727273,high,0.6060606060606061,0.6666666666666669
1.292929292929293,high,0.6060606060606061,0.686868686868687
1.3131313131313131,high,0.6060606060606061,0.7070707070707071
1.3333333333333335,high,0.6060606060606061,0.7272727272727274
1.3535353535353536,high,0.6060606060606061,0.7474747474747475
1.373737373737374,high,0.6060606060606061,0.7676767676767678
1.393939393939394,high,0.6060606060606061,0.787878787878788
1.4141414141414144,high,0.6060606060606061,0.8080808080808083
1.4343434343434345,high,0.6060606060606061,0.8282828282828284
1.4545454545454546,high,0.6060606060606061,0.8484848484848485
1.474747474747475,high,0.6060606060606061,0.8686868686868688
1.494949494949495,high,0.6060606060606061,0.888888888888889
1.5151515151515154,high,0.6060606060606061,0.9090909090909093
1.5353535353535355,high,0.6060606060606061,0.9292929292929294
1.5555555555555556,high,0.6060606060606061,0.9494949494949495
1.575757575757576,high,0.6060606060606061,0.9696969696969698
1.595959595959596,high,0.6060606060606061,0.98989898989899
1.6161616161616164,high,0.6060606060606061,1.0101010101010104
1.6363636363636365,high,0.6060606060606061,1.0303030303030303
1.6565656565656568,high,0.6060606060606061,1.0505050505050506
1.676767676767677,high,0.6060606060606061,1.070707070707071
1.696969696969697,high,0.6060606060606061,1.0909090909090908
1.7171717171717173,high,0.6060606060606061,1.1111111111111112
1.7373737373737375,high,0.6060606060606061,1.1313131313131315
1.7575757575757578,high,0.6060606060606061,1.1515151515151518
1.777777777777778,high,0.6060606060606061,1.1717171717171717
1.7979797979797982,high,0.6060606060606061,1.191919191919192
1.8181818181818183,high,0.6060606060606061,1.2121212121212124
1.8383838383838385,high,0.6060606060606061,1.2323232323232323
1.8585858585858588,high,0.6060606060606061,1.2525252525252526
1.878787878787879,high,0.6060606060606061,1.272727272727273
1.8989898989898992,high,0.6060606060606061,1.2929292929292933
1.9191919191919193,high,0.6060606060606061,1.3131313131313131
1.9393939393939394,high,0.6060606060606061,1.3333333333333335
1.9595959595959598,high,0.6060606060606061,1.3535353535353538
1.97979797979798,high,0.6060606060606061,1.3737373737373737
2,high,0.6060606060606061,1.393939393939394
